lawId,lawName,mst,lawType,promulgationDate,effectiveDate,ministry,docType
001692,형법,284025,법률,20260312,20260312,법무부,LAW
001671,형사소송법,281865,법률,20251230,20260701,법무부,LAW
005988,형사소송규칙,286683,대법원규칙,20260605,20260701,대법원,LAW
001668,형의 집행 및 수용자의 처우에 관한 법률,246593,법률,20221227,20221227,법무부,LAW
005630,형의 집행 및 수용자의 처우에 관한 법률 시행령,281471,대통령령,20251230,20260102,법무부,LAW
010883,형의 집행 및 수용자의 처우에 관한 법률 시행규칙,283313,법무부령,20260205,20260806,법무부,LAW
001123,보호관찰 등에 관한 법률,268863,법률,20250131,20260201,법무부,LAW
003655,보호관찰 등에 관한 법률 시행령,247017,대통령령,20221227,20221227,법무부,LAW
007284,보호관찰 등에 관한 법률 시행규칙,248585,법무부령,20230307,20230307,법무부,LAW
010434,전자장치 부착 등에 관한 법률,280401,법률,20251223,20260624,법무부,LAW
010834,전자장치 부착 등에 관한 법률 시행령,286851,대통령령,20260609,20260624,법무부,LAW
010836,전자장치 부착 등에 관한 법률 시행규칙,258615,법무부령,20240109,20240112,법무부,LAW
009998,치료감호 등에 관한 법률,238757,법률,20220104,20220705,법무부,LAW
010052,치료감호 등에 관한 법률 시행령,230805,대통령령,20210406,20210421,법무부,LAW
010171,치료감호 등에 관한 법률 시행규칙,262771,법무부령,20240521,20240521,법무부,LAW
001109,사면법,235557,법률,20210924,20220701,법무부,LAW
010720,사면법 시행규칙,86357,법무부령,20080327,20080327,법무부,LAW
001676,특정범죄 가중처벌 등에 관한 법률,270397,법률,20250401,20250702,법무부,LAW
005326,특정범죄 가중처벌 등에 관한 법률 시행령,235005,대통령령,20210831,20210910,법무부,LAW
001136,특정경제범죄 가중처벌 등에 관한 법률,199773,법률,20171219,20180320,법무부,LAW
005321,특정경제범죄 가중처벌 등에 관한 법률 시행령,287199,대통령령,20260623,20260701,법무부,LAW
011187,성폭력범죄의 처벌 등에 관한 특례법,277347,법률,20251001,20251001,법무부,LAW
011377,성폭력범죄의 처벌 등에 관한 특례법 시행령,277659,대통령령,20251001,20251001,법무부,LAW
011379,성폭력범죄의 처벌 등에 관한 특례법 시행규칙,243759,법무부령,20220704,20220705,법무부,LAW
002044,아동ㆍ청소년의 성보호에 관한 법률,279715,법률,20251111,20260512,성평등가족부,LAW
005212,아동ㆍ청소년의 성보호에 관한 법률 시행령,279185,대통령령,20251010,20251023,성평등가족부,LAW
010240,아동ㆍ청소년의 성보호에 관한 법률 시행규칙,278835,성평등가족부령,20251001,20251001,성평등가족부,LAW
001132,가정폭력범죄의 처벌 등에 관한 특례법,270787,법률,20250422,20251023,법무부,LAW
012308,가정폭력범죄의 처벌 등에 관한 특례법 시행령,172201,대통령령,20150622,20160101,법무부,LAW
001135,폭력행위 등 처벌에 관한 법률,178989,법률,20160106,20160106,법무부,LAW
002025,마약류 관리에 관한 법률,277145,법률,20251001,20260102,보건복지부·식품의약품안전처,LAW
003461,마약류 관리에 관한 법률 시행령,282953,대통령령,20260127,20260201,식품의약품안전처,LAW
007124,마약류 관리에 관한 법률 시행규칙,269047,총리령,20250206,20250207,식품의약품안전처,LAW
001677,국가보안법,179033,법률,20160106,20170707,법무부,LAW
001662,소년법,222435,법률,20201020,20210421,법무부,LAW
001669,즉결심판에 관한 절차법,195051,법률,20170726,20170726,법무부,LAW
010458,국민의 형사재판 참여에 관한 법률,195047,법률,20170726,20170726,법무부,LAW
001118,형사보상 및 명예회복에 관한 법률,257507,법률,20231229,20231229,법무부,LAW
005651,형사보상 및 명예회복에 관한 법률 시행령,117324,대통령령,20110929,20111124,법무부,LAW
010109,범죄피해자 보호법,265339,법률,20240920,20250321,법무부,LAW
010201,범죄피해자 보호법 시행령,283967,대통령령,20260310,20260310,법무부,LAW
010207,범죄피해자 보호법 시행규칙,284495,법무부령,20260311,20260311,법무부,LAW
000036,통신비밀보호법,268703,법률,20250131,20250801,과학기술정보통신부·법무부,LAW
005292,통신비밀보호법 시행령,272943,대통령령,20250729,20250801,과학기술정보통신부·법무부,LAW
010878,교도작업의 운영 및 특별회계에 관한 법률,138747,법률,20130405,20130405,법무부,LAW
012347,교정공제회법,222423,법률,20201020,20201020,법무부,LAW
011894,대한민국재향교정동우회법,142443,법률,20130730,20130730,법무부,LAW
012557,경비교도대 폐지에 따른 보상 등에 관한 법률,183520,법률,20160529,20161130,법무부,LAW
011092,교도작업의 운영 및 특별회계에 관한 법률 시행령,106754,대통령령,20100721,20101022,법무부,LAW
004057,수형자 등 호송 규정,227647,대통령령,20210105,20210105,법무부,LAW
002608,교정직공무원 승진임용 규정,217433,대통령령,20200407,20200901,법무부,LAW
012676,경비교도대 폐지에 따른 보상 등에 관한 법률 시행령,261779,대통령령,20240416,20240416,법무부,LAW
011097,교도작업의 운영 및 특별회계에 관한 법률 시행규칙,176754,법무부령,20151125,20151125,법무부,LAW
006524,교도관직무규칙,270769,법무부령,20250422,20250422,법무부,LAW
006521,교정공무원 복제규칙,258001,법무부령,20240103,20240103,법무부,LAW
010752,교정직공무원 임용시험의 체력검사에 관한 규칙,176755,법무부령,20151125,20151125,법무부,LAW
002027,민영교도소 등의 설치ㆍ운영에 관한 법률,276277,법률,20251001,20260102,법무부,LAW
002049,가석방자관리규정,243607,대통령령,20220630,20220701,법무부,LAW
009163,민영교도소 등의 설치ㆍ운영에 관한 법률 시행령,271285,대통령령,20250527,20250527,법무부,LAW
009144,민영교도소 등의 설치ㆍ운영에 관한 법률 시행규칙,271415,법무부령,20250527,20250527,법무부,LAW
001348,1980년해직공무원의보상등에관한특별조치법,3274,법률,19890329,19890329,인사혁신처,LAW
004549,1980년해직공무원의보상등에관한특별조치법시행령,204611,대통령령,20180918,20180921,인사혁신처,LAW
001159,5ㆍ18민주화운동 등에 관한 특별법,235549,법률,20210924,20220701,"국방부,법무부",LAW
001257,가등기담보 등에 관한 법률,188538,법률,20161227,20170328,법무부,LAW
001206,가사소송법,265309,법률,20240920,20260101,법무부,LAW
010444,가족관계의 등록 등에 관한 법률,257203,법률,20231226,20241227,법무부,LAW
002091,개방형 직위 및 공모 직위의 운영 등에 관한 규정,287517,대통령령,20260630,20260630,인사혁신처,LAW
002096,거절증서령,116110,대통령령,20110819,20110819,법무부,LAW
015134,검사 인사 및 관련 위원회 규정,286401,대통령령,20260529,20260529,법무부,LAW
011512,검사복무평정규칙,214711,법무부령,20200220,20200220,법무부,LAW
013871,검사와 사법경찰관의 상호협력과 일반적 수사준칙에 관한 규정,287545,대통령령,20260630,20260701,법무부,LAW
011572,검사의 국선변호사 선정 등에 관한 규칙,287567,법무부령,20260624,20260624,법무부,LAW
006194,검사의 법복에 관한 규칙,240197,법무부령,20220207,20220207,법무부,LAW
001282,검사의 보수에 관한 법률,121947,법률,20120117,20120117,법무부,LAW
002123,검사의 보수에 관한 법률 시행령,285407,대통령령,20260407,20260407,법무부,LAW
013872,검사의 수사개시 범죄 범위에 관한 규정,263971,대통령령,20240716,20241019,법무부,LAW
001284,검사정원법,166367,법률,20141231,20141231,법무부,LAW
002125,검사정원법 시행령,282489,대통령령,20260106,20260106,법무부,LAW
009834,검사직무대리 운영규정,236767,대통령령,20211116,20211116,법무부,LAW
001281,검사징계법,271559,법률,20250610,20250610,법무부,LAW
012832,검찰 및 특별사법경찰관리 등의 개인정보 처리에 관한 규정,243695,대통령령,20220705,20220705,법무부,LAW
006201,검찰근무 규칙,240199,법무부령,20220207,20220207,법무부,LAW
006202,검찰보고사무규칙,240201,법무부령,20220207,20220207,법무부,LAW
006203,검찰보존사무규칙,265295,법무부령,20240911,20240911,법무부,LAW
006204,검찰사건사무규칙,287755,법무부령,20260630,20260701,법무부,LAW
006205,검찰압수물사무규칙,262687,법무부령,20240514,20240517,법무부,LAW
006208,검찰청 관인 관리 규칙,267881,법무부령,20241231,20241231,법무부,LAW
002132,검찰청 사무기구에 관한 규정,289097,대통령령,20260828,20260828,"법무부,행정안전부",LAW
001286,검찰청법,242095,법률,20220509,20220910,법무부,LAW
006269,고등검찰청 검사의 지방검찰청 소재지에서의 사무처리에 관한 규칙,116822,법무부령,20110909,20110909,법무부,LAW
010217,고위공무원단 인사규정,263095,대통령령,20240604,20240604,인사혁신처,LAW
013986,공무원 노동조합 관련 해직공무원등의 복직 등에 관한 특별법,228479,법률,20210112,20210413,"인사혁신처,행정안전부",LAW
014065,공무원 노동조합 관련 해직공무원등의 복직 등에 관한 특별법 시행령,231539,대통령령,20210413,20210413,"인사혁신처,행정안전부",LAW
009712,공무원 성과평가 등에 관한 규정,284169,대통령령,20260317,20260701,인사혁신처,LAW
009402,공무원 여비 규정,287535,대통령령,20260630,20260701,인사혁신처,LAW
013627,공무원 인사 운영에 관한 특례규정,280215,대통령령,20251209,20251209,인사혁신처,LAW
009718,공무원 인사기록ㆍ통계 및 인사사무 처리 규정,256831,대통령령,20231212,20240101,인사혁신처,LAW
001343,공무원 인재개발법,245371,법률,20221115,20221115,인사혁신처,LAW
002293,공무원 인재개발법 시행령,287527,대통령령,20260630,20260630,인사혁신처,LAW
013099,공무원 재해보상법,283709,법률,20260227,20260528,인사혁신처,LAW
013174,공무원 재해보상법 시행규칙,270211,총리령,20250320,20250320,인사혁신처,LAW
013171,공무원 재해보상법 시행령,286319,대통령령,20260526,20260528,인사혁신처,LAW
002324,공무원 징계령,287529,대통령령,20260630,20260630,인사혁신처,LAW
006316,공무원 징계령 시행규칙,282271,총리령,20251230,20251230,인사혁신처,LAW
002327,공무원 채용 신체검사 규정,287005,대통령령,20260616,20260616,인사혁신처,LAW
006317,공무원 특수지근무수당 지급대상 지역 및 기관과 그 등급별 구분에 관한 규칙,282295,총리령,20251230,20260102,인사혁신처,LAW
009965,공무원 후생복지에 관한 규정,227215,대통령령,20210105,20210105,인사혁신처,LAW
002292,공무원고충처리규정,287521,대통령령,20260630,20260630,인사혁신처,LAW
001126,공무원범죄에 관한 몰수 특례법,215973,법률,20200324,20210325,법무부,LAW
002298,공무원보수규정,288433,대통령령,20260730,20260801,인사혁신처,LAW
002303,공무원수당 등에 관한 규정,282475,대통령령,20260102,20260102,인사혁신처,LAW
001717,공무원연금법,277137,법률,20251001,20260102,인사혁신처,LAW
006306,공무원연금법 시행규칙,204700,총리령,20180921,20180921,인사혁신처,LAW
002308,공무원연금법 시행령,281715,대통령령,20251230,20260102,인사혁신처,LAW
011932,공무원의 구분 변경에 따른 전직임용 등에 관한 특례규정,272703,대통령령,20250707,20250708,인사혁신처,LAW
002317,공무원임용시험령,287531,대통령령,20260630,20260801,인사혁신처,LAW
013879,공문서에 대한 아포스티유 및 본부영사확인서 발급에 관한 규정,249557,대통령령,20230405,20230605,"법무부,재외동포청",LAW
014073,공문서에 대한 아포스티유 및 본부영사확인서 발급에 관한 규정 시행규칙,273415,외교부령,20250819,20250819,"법무부,재외동포청",LAW
006329,공소보류자관찰규칙,35068,법무부령,19690823,19690823,법무부,LAW
001283,공익법무관에 관한 법률,182009,법률,20160329,20160329,법무부,LAW
006348,공익법무관에 관한 법률 시행규칙,182360,법무부령,20160331,20160331,법무부,LAW
002364,공익법무관에 관한 법률 시행령,271437,대통령령,20250602,20250602,법무부,LAW
001263,공익법인의 설립ㆍ운영에 관한 법률,199494,법률,20171212,20171212,법무부,LAW
002365,공익법인의 설립ㆍ운영에 관한 법률 시행령,280981,대통령령,20251230,20260102,법무부,LAW
012018,공익신탁법,198547,법률,20171031,20181101,법무부,LAW
012261,공익신탁법 시행령,169302,대통령령,20150317,20150319,법무부,LAW
001256,공장 및 광업재단 저당법,276273,법률,20251001,20251001,법무부,LAW
006363,공증 서류의 보존에 관한 규칙,229213,법무부령,20210201,20210201,법무부,LAW
011156,공증사무 이의신청사건의 처리에 관한 규칙,240209,법무부령,20220207,20220207,법무부,LAW
006361,공증서식의 사용 등에 관한 규칙,240211,법무부령,20220207,20220207,법무부,LAW
006364,공증인 수수료 규칙,102646,법무부령,20100205,20100207,법무부,LAW
001275,공증인법,199495,법률,20171212,20180620,법무부,LAW
002378,공증인법 시행령,252063,대통령령,20230627,20230627,법무부,LAW
006365,공증인의 정원 및 신원보증금에 관한 규칙,102647,법무부령,20100205,20100207,법무부,LAW
001718,공직자윤리법,277139,법률,20251001,20260102,인사혁신처,LAW
006367,공직자윤리법 시행규칙,287733,총리령,20260630,20260630,인사혁신처,LAW
002384,공직자윤리법 시행령,281347,대통령령,20251230,20260102,인사혁신처,LAW
010039,공직후보자 등에 관한 정보의 수집 및 관리에 관한 규정,279979,대통령령,20251202,20260101,인사혁신처,LAW
001212,공탁법,284413,법률,20260317,20260317,법무부,LAW
014112,공휴일에 관한 법률,283311,법률,20260210,20260511,"고용노동부,인사혁신처",LAW
002404,관공서의 공휴일에 관한 규정,285779,대통령령,20260430,20260511,인사혁신처,LAW
001131,교통사고처리 특례법,268077,법률,20250107,20250604,"경찰청,법무부",LAW
002616,교통사고처리 특례법 시행령,227259,대통령령,20210105,20210105,"경찰청,법무부",LAW
001182,국ㆍ공유 부동산의 등기 촉탁에 관한 법률,112289,법률,20110412,20111013,법무부,LAW
002641,국가공무원 명예퇴직수당 등 지급 규정,281717,대통령령,20251230,20260102,인사혁신처,LAW
002643,국가공무원 복무규정,287327,대통령령,20260623,20260623,인사혁신처,LAW
012857,국가공무원 복무규칙,282541,총리령,20251231,20260101,인사혁신처,LAW
001719,국가공무원법,286457,법률,20260602,20260602,인사혁신처,LAW
002642,국가공무원법제3조제3항의공무원의범위에관한규정,52789,대통령령,20020710,20020710,인사혁신처,LAW
000695,국가를 당사자로 하는 계약에 관한 법률,283877,법률,20260310,20260611,"재정경제부,조달청",LAW
006590,국가를 당사자로 하는 계약에 관한 법률 시행규칙,282607,재정경제부령,20260102,20260102,"재정경제부,조달청",LAW
002652,국가를 당사자로 하는 계약에 관한 법률 시행령,285893,대통령령,20260519,20260603,"재정경제부,조달청",LAW
001221,국가를 당사자로 하는 소송에 관한 법률,91382,법률,20090130,20090130,법무부,LAW
006591,국가를 당사자로 하는 소송에 관한 법률 시행규칙,240257,법무부령,20220207,20220207,법무부,LAW
002653,국가를 당사자로 하는 소송에 관한 법률 시행령,227271,대통령령,20210105,20210105,법무부,LAW
006592,국가를 당사자로 하는 소송의 수행자에 대한 포상금 지급 규칙,267149,법무부령,20241216,20241216,법무부,LAW
001242,국가배상법,268079,법률,20250107,20250107,법무부,LAW
006594,국가배상법 시행규칙,240259,법무부령,20220207,20220207,법무부,LAW
002655,국가배상법 시행령,287081,대통령령,20260623,20260701,법무부,LAW
002656,국가보안유공자 상금지급 등에 관한 규정,281467,대통령령,20251230,20260102,법무부,LAW
006595,국가보안유공자상금지급등에관한규정제8조단서의규정에의한무기지정규칙,37067,법무부령,19810729,19810729,법무부,LAW
001238,국가에 귀속하는 상속재산 이전에 관한 법률,96889,법률,20091021,20091021,법무부,LAW
001156,국내재산 도피 방지법,103962,법률,20100331,20100331,법무부,LAW
002711,국내재산 도피 방지법 시행령,280983,대통령령,20251230,20260102,법무부,LAW
001435,국적법,244609,법률,20220915,20221001,법무부,LAW
006766,국적법 시행규칙,262177,법무부령,20240429,20240429,법무부,LAW
002922,국적법 시행령,246165,대통령령,20221220,20221220,법무부,LAW
001194,국제민사사법공조법,136693,법률,20130323,20130323,법무부,LAW
001236,국제사법,238791,법률,20220104,20220705,법무부,LAW
001350,국제상거래에 있어서 외국공무원에 대한 뇌물방지법,235999,법률,20211008,20220109,법무부,LAW
009586,국제수형자이송법,136675,법률,20130323,20130323,법무부,LAW
001113,국제형사사법 공조법,228083,법률,20210105,20210105,법무부,LAW
010590,국제형사재판소 관할 범죄의 처벌 등에 관한 법률,112303,법률,20110412,20110412,법무부,LAW
001155,군용물 등 범죄에 관한 특별조치법,179005,법률,20160106,20160106,"국방부,법무부",LAW
011546,난민법,188376,법률,20161220,20161220,법무부,LAW
011885,난민법 시행규칙,266929,법무부령,20241203,20241203,법무부,LAW
011878,난민법 시행령,273705,대통령령,20250916,20250919,법무부,LAW
011545,남북 주민 사이의 가족관계와 상속 등에 관한 특례법,179505,법률,20160119,20160119,법무부,LAW
011609,남북 주민 사이의 가족관계와 상속 등에 관한 특례법 시행규칙,282719,법무부령,20251231,20260102,법무부,LAW
011607,남북 주민 사이의 가족관계와 상속 등에 관한 특례법 시행령,125251,대통령령,20120507,20120511,법무부,LAW
010391,대검찰청 검사급 이상 검사의 보직범위에 관한 규정,196436,대통령령,20170801,20170801,법무부,LAW
003301,대검찰청의 위치와 각급 검찰청의 명칭 및 위치에 관한 규정,287107,대통령령,20260623,20260701,법무부,LAW
011215,동산ㆍ채권 등의 담보에 관한 법률,222425,법률,20201020,20220421,법무부,LAW
011297,동산ㆍ채권 등의 담보에 관한 법률 시행령,108405,대통령령,20101021,20120611,법무부,LAW
013128,드루킹의 인터넷상 불법 댓글 조작 사건과 관련된 진상규명을 위한 특별검사의 임명 등에 관한 법률,203628,법률,20180529,20180529,법무부,LAW
001179,등기특별회계법,197503,법률,20170919,20170919,법무부,LAW
011143,디엔에이신원확인정보의 이용 및 보호에 관한 법률,213449,법률,20200121,20200121,"경찰청,대검찰청,법무부",LAW
011235,디엔에이신원확인정보의 이용 및 보호에 관한 법률 시행령,243617,대통령령,20220630,20220701,"경찰청,대검찰청,법무부",LAW
014544,디지털인사관리규정,256829,대통령령,20231212,20240101,인사혁신처,LAW
001125,마약류 불법거래 방지에 관한 특례법,228085,법률,20210105,20210105,법무부,LAW
003462,마약류 불법거래 방지에 관한 특례법 시행령,115683,대통령령,20110803,20110803,법무부,LAW
007125,마약류보상금 지급규칙,269401,법무부령,20250224,20250224,법무부,LAW
001148,몰수금품 등 처리에 관한 임시특례법,205811,법률,20181218,20181218,법무부,LAW
003481,몰수금품등처리에관한임시특례법시행령,243619,대통령령,20220630,20220701,법무부,LAW
001706,민법,284415,법률,20260317,20260317,법무부,LAW
003534,민법제312조의2단서의시행에관한규정,20194,대통령령,19840901,19840901,법무부,LAW
001195,민사소송 등 인지법,258671,법률,20240116,20250301,법무부,LAW
011173,민사소송 등에서의 전자문서 이용 등에 관한 법률,253321,법률,20230808,20250203,법무부,LAW
001700,민사소송법,252393,법률,20230711,20250712,법무부,LAW
001197,민사소송비용법,130808,법률,20121218,20131219,법무부,LAW
001202,민사조정법,213779,법률,20200204,20200305,법무부,LAW
009290,민사집행법,268837,법률,20250131,20260201,법무부,LAW
010014,민사집행법 시행령,283025,대통령령,20260127,20260201,법무부,LAW
001147,밀항단속법,214319,법률,20200218,20200519,"법무부,해양경찰청",LAW
012675,박근혜 정부의 최순실 등 민간인에 의한 국정농단 의혹 사건 규명을 위한 특별검사의 임명 등에 관한 법률,246571,법률,20221227,20221227,법무부,LAW
007211,배타적경제수역에서의외국인어업제한위반선박등에대한사법절차에관한규칙,192674,법무부령,20170321,20170321,법무부,LAW
001146,벌금 등 임시조치법,103863,법률,20100324,20100324,법무부,LAW
010944,벌금 미납자의 사회봉사 집행에 관한 특례법,92106,법률,20090325,20090926,법무부,LAW
011034,벌금 미납자의 사회봉사 집행에 관한 특례법 시행규칙,95035,법무부령,20090626,20090926,법무부,LAW
011032,벌금 미납자의 사회봉사 집행에 관한 특례법 시행령,213153,대통령령,20200107,20200107,법무부,LAW
009245,범죄수익은닉의 규제 및 처벌 등에 관한 법률,238751,법률,20220104,20220104,법무부,LAW
012060,범죄수익은닉의 규제 및 처벌 등에 관한 법률 시행령,229499,대통령령,20210217,20210217,법무부,LAW
001112,범죄인 인도법,228087,법률,20210105,20210105,법무부,LAW
011199,범죄피해자보호기금법,276279,법률,20251001,20260102,법무부,LAW
011307,범죄피해자보호기금법 시행령,280985,대통령령,20251230,20260102,법무부,LAW
001294,법관의 보수에 관한 법률,121952,법률,20120117,20120418,법무부,LAW
010721,법교육지원법,86411,법률,20080328,20080629,법무부,LAW
010835,법교육지원법 시행령,277655,대통령령,20251001,20251001,법무부,LAW
013873,법률 제16908호 검찰청법 일부개정법률 및 법률 제16924호 형사소송법 일부개정법률의 시행일에 관한 규정,222287,대통령령,20201007,20201007,법무부,LAW
001270,법률구조법,239375,법률,20220111,20230112,법무부,LAW
007215,법률구조법 시행규칙,250191,법무부령,20230417,20230417,법무부,LAW
003596,법률구조법 시행령,242387,대통령령,20220509,20220818,법무부,LAW
007225,법무부 소관 비영리법인의 설립 및 감독에 관한 규칙,193053,법무부령,20170330,20170330,법무부,LAW
009958,법무부감찰위원회 규정,217629,대통령령,20200428,20200428,법무부,LAW
003602,법무부와 그 소속기관 직제,289061,대통령령,20260828,20260828,"법무부,행정안전부",LAW
007223,법무부와 그 소속기관 직제 시행규칙,289213,법무부령,20260828,20260828,법무부,LAW
001291,법무사법,257211,법률,20231226,20241227,법무부,LAW
007228,법무자문위원회 운영규칙,240013,법무부령,20220203,20220203,법무부,LAW
003605,법무자문위원회규정,240099,대통령령,20220203,20220203,법무부,LAW
003610,법인 아닌 사단ㆍ재단 및 외국인의 부동산등기용 등록번호 부여절차에 관한 규정,246561,대통령령,20221227,20230101,"국토교통부,법무부",LAW
007230,법인 아닌 사단ㆍ재단 및 외국인의 부동산등기용 등록번호 부여절차에 관한 규정 시행규칙,247035,법무부령,20221227,20221227,"국토교통부,법무부",LAW
001184,법인의 등기사항 등에 관한 특례법,265341,법률,20240920,20250131,법무부,LAW
013823,변호사ㆍ법무사의 자격이 있는 보증인의 보수에 관한 규칙,220609,법무부령,20200731,20200805,법무부,LAW
001708,변호사법,228089,법률,20210105,20210105,법무부,LAW
003621,변호사법 시행령,268373,대통령령,20250121,20250131,법무부,LAW
011009,변호사시험법,246573,법률,20221227,20221227,법무부,LAW
011158,변호사시험법 시행규칙,256853,법무부령,20231212,20231212,법무부,LAW
011071,변호사시험법 시행령,256763,대통령령,20231212,20231212,법무부,LAW
003624,별정직공무원 인사규정,257265,대통령령,20231226,20240101,인사혁신처,LAW
001144,보건범죄 단속에 관한 특별조치법,276281,법률,20251001,20251001,법무부,LAW
001124,보안관찰법,213847,법률,20200204,20200805,법무부,LAW
007278,보안관찰법 시행규칙,240269,법무부령,20220207,20220207,법무부,LAW
003648,보안관찰법 시행령,227509,대통령령,20210105,20210105,법무부,LAW
010717,보증인 보호를 위한 특별법,251943,법률,20230620,20231221,법무부,LAW
001660,보호소년 등의 처우에 관한 법률,280385,법률,20251223,20251223,법무부,LAW
009815,보호소년 등의 처우에 관한 법률 시행규칙,246359,법무부령,20221219,20221219,법무부,LAW
003948,보호소년 등의 처우에 관한 법률 시행령,243833,대통령령,20220711,20220712,법무부,LAW
001178,부동산 실권리자명의 등기에 관한 법률,215759,법률,20200324,20200324,법무부,LAW
011216,부동산 실권리자명의 등기에 관한 법률 시행규칙,193041,법무부령,20170330,20170330,법무부,LAW
003672,부동산 실권리자명의 등기에 관한 법률 시행령,262411,대통령령,20240507,20240517,법무부,LAW
001185,부동산등기 특별조치법,238263,법률,20211228,20220101,법무부,LAW
001697,부동산등기법,265377,법률,20240920,20250131,법무부,LAW
003682,부재선고등에관한특별조치법시행령,108530,대통령령,20101102,20101102,법무부,LAW
001264,부재선고에 관한 특별조치법,97990,법률,20091229,20091229,법무부,LAW
001142,부정수표 단속법,103869,법률,20100324,20100324,법무부,LAW
003684,부정수표 단속법 시행령,119410,대통령령,20111213,20111213,법무부,LAW
010725,부패재산의 몰수 및 회복에 관한 특례법,280263,법률,20251216,20260617,법무부,LAW
013895,부패재산의 몰수 및 회복에 관한 특례법 시행규칙,223127,법무부령,20201124,20201124,법무부,LAW
011714,부패재산의 몰수 및 회복에 관한 특례법 시행령,222899,대통령령,20201124,20201124,법무부,LAW
012673,북한인권기록보존소 운영규칙,209076,법무부령,20190621,20190621,법무부,LAW
009997,불법정치자금 등의 몰수에 관한 특례법,232299,법률,20210518,20220519,법무부,LAW
001699,비송사건절차법,265395,법률,20240920,20250131,"대법원,법무부",LAW
001141,비영리법인의 임원 처벌에 관한 법률,149553,법률,20140107,20140107,법무부,LAW
010626,사건기록 열람ㆍ등사의 방법 및 수수료 등에 관한 규칙,285459,법무부령,20260413,20260501,법무부,LAW
001670,사법경찰관리의 직무를 수행할 자와 그 직무범위에 관한 법률,283433,법률,20260219,20260820,법무부,LAW
012380,상가건물 임대차계약서상의 확정일자 부여 및 임대차 정보제공에 관한 규칙,286881,법무부령,20260610,20260610,법무부,LAW
009276,상가건물 임대차보호법,279651,법률,20251111,20260512,"국토교통부,법무부",LAW
009361,상가건물 임대차보호법 시행령,287139,대통령령,20260623,20260701,"국토교통부,법무부",LAW
001217,상고심절차에 관한 특례법,97050,법률,20091102,20091102,"대법원,법무부",LAW
001233,상법시행법,106831,법률,20100723,20100723,법무부,LAW
010783,상법의 전자선하증권 규정의 시행에 관한 규정,280989,대통령령,20251230,20260102,법무부,LAW
010503,상업등기법,265393,법률,20240920,20250131,법무부,LAW
010351,선거범죄 신고포상금 지급에 관한 규칙,231891,법무부령,20210402,20210402,법무부,LAW
009511,선박 및 해상구조물에 대한 위해행위의 처벌 등에 관한 법률,230155,법률,20210316,20210316,"법무부,해양수산부",LAW
001180,선박등기법,265383,법률,20240920,20250131,"법무부,해양수산부",LAW
001226,선박소유자 등의 책임제한절차에 관한 법률,97989,법률,20091229,20091229,법무부,LAW
009643,성매매알선 등 행위의 처벌에 관한 법률,257487,법률,20231229,20240101,법무부,LAW
009820,성매매알선 등 행위의 처벌에 관한 법률 시행규칙,264529,법무부령,20240730,20240730,법무부,LAW
009765,성매매알선 등 행위의 처벌에 관한 법률 시행령,207953,대통령령,20190305,20190305,법무부,LAW
011236,성폭력범죄자의 성충동 약물치료에 관한 법률,213803,법률,20200204,20200204,법무부,LAW
011430,성폭력범죄자의 성충동 약물치료에 관한 법률 시행규칙,243761,법무부령,20220704,20220705,법무부,LAW
011424,성폭력범죄자의 성충동 약물치료에 관한 법률 시행령,200459,대통령령,20171229,20180101,법무부,LAW
013193,성희롱ㆍ성폭력 근절을 위한 공무원 인사관리규정,278057,대통령령,20251001,20251001,인사혁신처,LAW
007275,소년원 및 소년분류심사원 공무원 복제규칙,240279,법무부령,20220207,20220207,법무부,LAW
007503,소년원 및 소년분류심사원 급여규칙,240281,법무부령,20220207,20220207,법무부,LAW
001215,소송촉진 등에 관한 특례법,286417,법률,20260602,20260602,법무부,LAW
003984,소송촉진 등에 관한 특례법 제3조제1항 본문의 법정이율에 관한 규정,208701,대통령령,20190521,20190601,법무부,LAW
001219,소액사건심판법,249281,법률,20230328,20230328,법무부,LAW
003988,소청절차규정,280305,대통령령,20251216,20251216,인사혁신처,LAW
001183,수복지역내소유자미복구토지의복구등록과보존등기등에관한특별조치법,213805,법률,20200204,20200805,법무부,LAW
004016,수복지역내소유자미복구토지의복구등록과보존등기등에관한특별조치법시행령,227627,대통령령,20210105,20210105,법무부,LAW
001228,수표법,103946,법률,20100331,20100331,법무부,LAW
004054,수표법 적용 시 은행과 동일시되는 사람 또는 시설의 지정에 관한 규정,187295,대통령령,20161025,20161201,법무부,LAW
014895,순직 해병 수사 방해 및 사건 은폐 등의 진상규명을 위한 특별검사의 임명 등에 관한 법률,273919,법률,20250926,20250926,법무부,LAW
014070,스토킹범죄의 처벌 등에 관한 법률,252483,법률,20230711,20240112,법무부,LAW
014109,스토킹범죄의 처벌 등에 관한 법률 시행령,233711,대통령령,20210706,20211021,법무부,LAW
001247,신원보증법,91383,법률,20090130,20090130,법무부,LAW
001246,신탁법,198564,법률,20171031,20181101,법무부,LAW
004109,신탁법 시행령,223781,대통령령,20201208,20201210,법무부,LAW
001244,실화책임에 관한 법률,93181,법률,20090508,20090508,법무부,LAW
011997,아동학대범죄의 처벌 등에 관한 특례법,283203,법률,20260203,20260804,법무부,LAW
012148,아동학대범죄의 처벌 등에 관한 특례법 시행규칙,283557,법무부령,20260212,20260212,법무부,LAW
012146,아동학대범죄의 처벌 등에 관한 특례법 시행령,283273,대통령령,20260210,20260212,법무부,LAW
007698,어음교환소 지정에 관한 규칙,113742,법무부령,20110531,20110531,법무부,LAW
001230,어음법,103947,법률,20100331,20100331,법무부,LAW
004189,연구직 및 지도직공무원의 임용 등에 관한 규정,287533,대통령령,20260630,20260801,인사혁신처,LAW
013979,영장심의위원회 규칙,228425,법무부령,20210101,20210101,법무부,LAW
010947,외국법자문사법,199499,법률,20171212,20171212,법무부,LAW
011387,외국법자문사법 시행규칙,184394,법무부령,20160628,20160628,법무부,LAW
011061,외국법자문사법 시행령,268397,대통령령,20250121,20250131,법무부,LAW
007771,외국인보호규칙,245861,법무부령,20221205,20230306,법무부,LAW
001267,외국인의 서명날인에 관한 법률,105295,법률,20100520,20100520,법무부,LAW
001261,유실물법,149564,법률,20140107,20140107,"경찰청,법무부",LAW
004385,유실물법 시행령,241139,대통령령,20220308,20220308,"경찰청,법무부",LAW
014897,윤석열 전 대통령 등에 의한 내란ㆍ외환 행위의 진상규명을 위한 특별검사 임명 등에 관한 법률,273921,법률,20250926,20251027,법무부,LAW
015033,윤석열ㆍ김건희에 의한 내란ㆍ외환 및 국정농단 행위의 진상규명을 위한 특별검사 임명 등에 관한 법률,288407,법률,20260721,20260721,법무부,LAW
010404,이자제한법,268667,법률,20250121,20250722,법무부,LAW
010468,이자제한법 제2조제1항의 최고이자율에 관한 규정,230727,대통령령,20210406,20210707,법무부,LAW
013600,인권보호수사규칙,283341,법무부령,20260209,20260209,법무부,LAW
010299,인권침해 사건 조사ㆍ처리 및 구금ㆍ보호시설의 실태조사에 관한 규칙,243767,법무부령,20220704,20220705,법무부,LAW
004520,인사 감사 규정,220069,대통령령,20200714,20200730,인사혁신처,LAW
012307,인사혁신처 소관 비영리법인의 설립 및 감독에 관한 규칙,171962,총리령,20150612,20150612,인사혁신처,LAW
012168,인사혁신처와 그 소속기관 직제,289081,대통령령,20260828,20260828,"인사혁신처,행정안전부",LAW
012176,인사혁신처와 그 소속기관 직제 시행규칙,289181,총리령,20260828,20260828,인사혁신처,LAW
010591,인신보호법,198482,법률,20171031,20171031,법무부,LAW
001214,인지 첩부·첨부 및 공탁 제공에 관한 특례법,130810,법률,20121218,20131219,법무부,LAW
001997,임용결격공무원 등에 대한 퇴직보상금지급 등에 관한 특례법,212127,법률,20191210,20200611,인사혁신처,LAW
004579,임용결격공무원 등에 대한 퇴직보상금지급 등에 관한 특례법 시행령,204627,대통령령,20180918,20180921,인사혁신처,LAW
001258,입목에 관한 법률,265385,법률,20240920,20250131,법무부,LAW
004582,입목에 관한 법률 시행령,126151,대통령령,20120612,20120811,법무부,LAW
010946,자동차 등 특정동산 저당법,243145,법률,20220610,20230611,"국토교통부,법무부,해양경찰청,해양수산부",LAW
011047,자동차 등 특정동산 저당법 시행령,251373,대통령령,20230607,20230611,"국토교통부,법무부,해양경찰청,해양수산부",LAW
006206,자유형등에 관한 검찰집행사무규칙,254181,법무부령,20230821,20230821,법무부,LAW
006207,재산형 등에 관한 검찰 집행사무규칙,282721,법무부령,20251231,20260102,법무부,LAW
001170,"재외국민의 가족관계등록 창설, 가족관계등록부 정정 및 가족관계등록부 정리에 관한 특례법",167953,법률,20150203,20150701,법무부,LAW
001999,재외동포의 출입국과 법적 지위에 관한 법률,268553,법률,20250121,20250722,법무부,LAW
008011,재외동포의 출입국과 법적 지위에 관한 법률 시행규칙,267499,법무부령,20241224,20250201,법무부,LAW
004662,재외동포의 출입국과 법적 지위에 관한 법률 시행령,284843,대통령령,20260324,20260324,법무부,LAW
010445,재한외국인 처우 기본법,268701,법률,20250131,20250131,법무부,LAW
010484,재한외국인 처우 기본법 시행령,280991,대통령령,20251230,20260102,법무부,LAW
013532,적극행정 운영규정,281859,대통령령,20251230,20251230,인사혁신처,LAW
011930,전문경력관 규정,272709,대통령령,20250707,20250708,인사혁신처,LAW
010637,전문수사자문위원 운영규칙,202862,법무부령,20180321,20180321,법무부,LAW
012787,전문직공무원 인사규정,287519,대통령령,20260630,20260630,인사혁신처,LAW
002000,전자문서 및 전자거래 기본법,236053,법률,20211019,20221020,"과학기술정보통신부,법무부",LAW
009332,전자문서 및 전자거래 기본법 시행규칙,224723,과학기술정보통신부령,20201222,20201222,"과학기술정보통신부,법무부",LAW
004754,전자문서 및 전자거래 기본법 시행령,256703,대통령령,20231212,20231212,"과학기술정보통신부,법무부",LAW
009644,전자어음의 발행 및 유통에 관한 법률,218913,법률,20200609,20201210,법무부,LAW
009921,전자어음의 발행 및 유통에 관한 법률 시행규칙,193042,법무부령,20170330,20170330,법무부,LAW
009863,전자어음의 발행 및 유통에 관한 법률 시행령,240183,대통령령,20220208,20220509,법무부,LAW
011778,전자조달의 이용 및 촉진에 관한 법률,277153,법률,20251001,20260102,"재정경제부,조달청",LAW
011913,전자조달의 이용 및 촉진에 관한 법률 시행규칙,144133,기획재정부령,20130917,20130923,"재정경제부,조달청",LAW
011912,전자조달의 이용 및 촉진에 관한 법률 시행령,280885,대통령령,20251230,20260102,"재정경제부,조달청",LAW
010355,정부법무공단법,276289,법률,20251001,20260102,법무부,LAW
010564,정부법무공단법 시행령,280993,대통령령,20251230,20260102,법무부,LAW
002039,제조물 책임법,193381,법률,20170418,20180419,"공정거래위원회,법무부",LAW
000705,조달사업에 관한 법률,277155,법률,20251001,20260102,"재정경제부,조달청",LAW
008200,조달사업에 관한 법률 시행규칙,282675,재정경제부령,20260102,20260102,"재정경제부,조달청",LAW
004862,조달사업에 관한 법률 시행령,280891,대통령령,20251230,20260102,"재정경제부,조달청",LAW
004867,조달청과 그 소속기관 직제,289093,대통령령,20260828,20260828,"조달청,행정안전부",LAW
008201,조달청과 그 소속기관 직제 시행규칙,289231,재정경제부령,20260828,20260828,조달청,LAW
008202,조달품질원 시험ㆍ분석 규칙,222267,기획재정부령,20201005,20201005,"재정경제부,조달청",LAW
012514,주식ㆍ사채 등의 전자등록에 관한 법률,267561,법률,20241231,20241231,"금융위원회,법무부",LAW
013496,주식ㆍ사채 등의 전자등록에 관한 법률 시행령,252119,대통령령,20230627,20230701,"금융위원회,법무부",LAW
011320,주택임대차계약증서상의 확정일자 부여 및 임대차 정보제공에 관한 규칙,240291,법무부령,20220207,20220207,법무부,LAW
001248,주택임대차보호법,276291,법률,20251001,20260102,"국토교통부,법무부",LAW
004950,주택임대차보호법 시행령,287183,대통령령,20260623,20260701,"국토교통부,법무부",LAW
013993,중대재해 처벌 등에 관한 법률,228817,법률,20210126,20220127,"고용노동부,공정거래위원회,국토교통부,기후에너지환경부,법무부,산업통상부,중소벤처기업부",LAW
014159,중대재해 처벌 등에 관한 법률 시행령,277417,대통령령,20251001,20251001,"고용노동부,공정거래위원회,국토교통부,기후에너지환경부,법무부,산업통상부,중소벤처기업부",LAW
001205,중재법,276293,법률,20251001,20251001,법무부,LAW
012707,중재산업 진흥에 관한 법률,188534,법률,20161227,20170628,법무부,LAW
012892,중재산업 진흥에 관한 법률 시행령,194499,대통령령,20170627,20170628,법무부,LAW
009608,증권관련 집단소송법,140592,법률,20130528,20130829,법무부,LAW
008312,지문을채취할형사피의자의범위에관한규칙,73737,법무부령,20060424,20060424,법무부,LAW
011238,지정공증인의 사무처리 등에 관한 규칙,240293,법무부령,20220207,20220207,법무부,LAW
005142,직무대리규정,246975,대통령령,20221227,20221227,인사혁신처,LAW
010221,직무분석규정,281719,대통령령,20251230,20260102,인사혁신처,LAW
012155,진술조력인의 선정 등에 관한 규칙,261699,법무부령,20240401,20240401,법무부,LAW
010592,질서위반행위규제법,224847,법률,20201229,20210101,법무부,LAW
010775,질서위반행위규제법 시행령,287547,대통령령,20260630,20260630,법무부,LAW
001262,집합건물의 소유 및 관리에 관한 법률,249285,법률,20230328,20230929,법무부,LAW
009582,집합건물의 소유 및 관리에 관한 법률 시행령,254889,대통령령,20230926,20230929,법무부,LAW
001292,집행관법,222441,법률,20201020,20210421,법무부,LAW
010910,채권의 공정한 추심에 관한 법률,268669,법률,20250121,20250722,법무부,LAW
011056,채권의 공정한 추심에 관한 법률 시행령,164242,대통령령,20141121,20141121,법무부,LAW
009930,채무자 회생 및 파산에 관한 법률,267359,법률,20241220,20260301,법무부,LAW
010188,채무자 회생 및 파산에 관한 법률 시행령,263089,대통령령,20240611,20240611,법무부,LAW
011091,축사의 부동산등기에 관한 특례법,210145,법률,20190820,20191121,법무부,LAW
014328,출국대기실 운영 규칙,245863,법무부령,20221205,20230306,법무부,LAW
008493,출입국관리공무원 복제규칙,232775,법무부령,20210607,20210607,법무부,LAW
001707,출입국관리법,272921,법률,20250722,20260123,법무부,LAW
008494,출입국관리법 시행규칙,283059,법무부령,20260123,20260123,법무부,LAW
005256,출입국관리법 시행령,271319,대통령령,20250527,20250601,법무부,LAW
010086,친일반민족행위자 재산의 국가귀속에 관한 특별법,113181,법률,20110519,20110519,법무부,LAW
010230,친일반민족행위자 재산의 국가귀속에 관한 특별법 시행령,280997,대통령령,20251230,20260102,법무부,LAW
012019,특별감찰관법,152098,법률,20140318,20140619,법무부,LAW
012084,특별감찰관법 시행령,155665,대통령령,20140617,20140619,법무부,LAW
012020,특별검사의 임명 등에 관한 법률,242101,법률,20220509,20220910,법무부,LAW
012083,특별검사의 임명 등에 관한 법률 시행령,155664,대통령령,20140617,20140619,법무부,LAW
013978,특별사법경찰관리에 대한 검사의 수사지휘 및 특별사법경찰관리의 수사준칙에 관한 규칙,287777,법무부령,20260630,20260701,법무부,LAW
009244,특정 금융거래정보의 보고 및 이용 등에 관한 법률,283365,법률,20260219,20260820,"금융위원회,법무부",LAW
009256,특정 금융거래정보의 보고 및 이용 등에 관한 법률 시행령,288765,대통령령,20260818,20260820,"금융위원회,법무부",LAW
001133,특정강력범죄의 처벌에 관한 특례법,280403,법률,20251223,20260624,법무부,LAW
002009,특정범죄신고자 등 보호법,188381,법률,20161220,20161220,법무부,LAW
008553,특정범죄신고자 등 보호법 시행규칙,264531,법무부령,20240730,20240730,법무부,LAW
005327,특정범죄신고자등보호법시행령,225685,대통령령,20201231,20210101,법무부,LAW
014514,특정중대범죄 피의자 등 신상정보 공개에 관한 법률,255431,법률,20231024,20240125,법무부,LAW
014595,특정중대범죄 피의자 등 신상정보 공개에 관한 법률 시행령,259309,대통령령,20240123,20240125,법무부,LAW
001436,포획심판령,4323,대통령긴급명령,19521004,19521004,"국방부,법무부",LAW
005359,포획심판소및고등포획심판소개설에관한건,31205,대통령령,19521004,19521004,"국방부,법무부",LAW
010405,한국법학원 육성법,199508,법률,20171212,20171212,법무부,LAW
010525,한국법학원 육성법 시행령,192356,대통령령,20170315,20170315,법무부,LAW
001218,행정소송법,285913,법률,20260512,20260512,법무부,LAW
001119,헌정질서 파괴범죄의 공소시효 등에 관한 특례법,235565,법률,20210924,20220701,"국방부,법무부",LAW
011723,헤이그 국제아동탈취협약 이행에 관한 법률,130656,법률,20121211,20130301,법무부,LAW
011774,헤이그 국제아동탈취협약 이행에 관한 법률 시행규칙,132928,법무부령,20130228,20130301,법무부,LAW
011139,형사사법절차 전자화 촉진법,238257,법률,20211228,20211228,법무부,LAW
011196,형사사법절차 전자화 촉진법 시행령,241529,대통령령,20220405,20220405,법무부,LAW
014169,형사사법절차에서의 전자문서 이용 등에 관한 법률,236225,법률,20211019,20241020,법무부,LAW
014751,형사사법절차에서의 전자문서 이용 등에 관한 법률 시행령,271391,대통령령,20250602,20250602,법무부,LAW
001114,형사소송비용 등에 관한 법률,122990,법률,20120210,20120210,법무부,LAW
001129,형의 실효 등에 관한 법률,252635,법률,20230706,20230706,법무부,LAW
005652,형의 실효 등에 관한 법률 시행령,261599,대통령령,20240402,20240402,법무부,LAW
005653,형집행정지자관찰규정,243627,대통령령,20220630,20220701,법무부,LAW
001173,혼인신고특례법,91380,법률,20090130,20090130,법무부,LAW
005659,혼인신고특례법시행령,187752,대통령령,20161129,20161129,법무부,LAW
005672,확정일자부 및 일자인 조제에 관한 규정,120210,대통령령,20111230,20120101,법무부,LAW
011826,후견등기에 관한 법률,198486,법률,20171031,20190101,법무부,LAW
002315,공무원임용령,285403,대통령령,20260407,20260701,인사혁신처,LAW
015092,공소청법,285045,법률,20260324,20261002,법무부,LAW
001702,상법,284143,법률,20260306,20270101,법무부,LAW
003811,상법 시행령,288205,대통령령,20260721,20270101,법무부,LAW
015135,친일반민족행위자 재산의 국가귀속 등에 관한 특별법,286343,법률,20260602,20261203,법무부,LAW
35334,가석방 업무지침,2100000276392,예규,20260330,20260330,법무부,ADMIN_RULE
37401,가석방심사위원회 운영지침,2100000276340,예규,20260330,20260330,법무부,ADMIN_RULE
43058,경비교도 보상 등에 관한 지침,2100000278360,훈령,20260501,20260501,법무부,ADMIN_RULE
29464,공무원 임용규칙,2100000281502,예규,20260630,20260630,인사혁신처,ADMIN_RULE
87003,교도관 훈련에 관한 규칙,2100000230968,훈령,20231101,20231101,법무부,ADMIN_RULE
37588,교도관·대체복무요원 급식관리지침,2100000234494,예규,20240103,20240103,법무부,ADMIN_RULE
26465,교도소와 소년원 및 외국인보호소 등 의무관 임상연구비 지급지침,2100000230792,훈령,20231025,20240101,법무부,ADMIN_RULE
36282,교도작업운영지침,2100000218879,예규,20230206,20230206,법무부,ADMIN_RULE
36283,교도작업특별회계 운영지침,2100000236340,예규,20240214,20240214,법무부,ADMIN_RULE
61378,교정공무원 기관장(葬)에 관한 규정,2100000108059,예규,20171229,20171229,법무부,ADMIN_RULE
37730,교정공무원 상호부조회 규정,2100000277210,예규,20260410,20260410,법무부,ADMIN_RULE
46978,교정공무원 인사운영 규칙,2100000234486,훈령,20240102,20240201,법무부,ADMIN_RULE
39881,교정공무원기장 등 수여 및 패용에 관한 규정,2100000090194,훈령,20170620,20170620,법무부,ADMIN_RULE
37575,교정기 규정,2000000024378,훈령,20130621,20130621,법무부,ADMIN_RULE
59009,교정민원콜센터 운영규정,2100000274270,예규,20260209,20260209,법무부,ADMIN_RULE
51868,교정본부 보고사무지침,2100000211709,훈령,20220526,20220701,법무부,ADMIN_RULE
28763,교정사고 유형별 문책기준 지침,2100000210483,예규,20220401,20220401,법무부,ADMIN_RULE
38225,교정시설 경비등급별 수형자의 처우 등에 관한 지침,2100000243146,예규,20240626,20240701,법무부,ADMIN_RULE
37585,교정위원 운영지침,2100000220730,예규,20230314,20230314,법무부,ADMIN_RULE
26678,교정의 날 규칙,2000000000735,훈령,20050901,20050901,법무부,ADMIN_RULE
86352,교정정책자문위원회 운영 규정,2100000276408,훈령,20260326,20260326,법무부,ADMIN_RULE
78303,교정직 공무원의 교정교육 전문 강사 자격인정 및 절차에 관한 규정,2100000240368,훈령,20240503,20240503,법무부,ADMIN_RULE
37581,교정직공무원 임용시험의 체력검사 평가종목별 측정방법에 관한 규정,2100000178657,예규,20190521,20190521,법무부,ADMIN_RULE
84831,교정직제 영어 명칭 등에 관한 지침,2100000220774,예규,20230314,20230314,법무부,ADMIN_RULE
86499,교정특별사법경찰 운영규정,2100000249288,훈령,20241101,20241101,법무부,ADMIN_RULE
28315,교정행정정보화업무지침,2100000038844,훈령,20160120,20160201,법무부,ADMIN_RULE
30248,국가공무원 복무ㆍ징계 관련 예규,2100000281246,예규,20260623,20260623,인사혁신처,ADMIN_RULE
74434,대체복무요원 교육규칙,2100000233732,훈령,20231228,20231228,법무부,ADMIN_RULE
74433,대체역 복무관리규칙,2100000268562,훈령,20251203,20251203,법무부,ADMIN_RULE
37922,민영교도소 운영경비 회계 등에 관한 지침,2100000253510,예규,20250116,20250120,법무부,ADMIN_RULE
83074,법무부 교정시설 감염병관리지원단 운영 규정,2100000263134,훈령,20250819,20250901,법무부,ADMIN_RULE
37286,법무부 성과관리 운영규정,2100000234764,훈령,20240108,20240108,법무부,ADMIN_RULE
37000,법무부 소속 공무원 보직관리기준,2100000254850,훈령,20250221,20250221,법무부,ADMIN_RULE
37001,법무부소속 공무원 임용권 및 임용시험실시권 위임규칙,2100000245882,훈령,20240812,20240812,법무부,ADMIN_RULE
37590,보관금품 관리지침,2100000252598,예규,20250102,20250102,법무부,ADMIN_RULE
54074,분류센터 운영지침,2100000256922,예규,20250325,20250401,법무부,ADMIN_RULE
2046965,분류처우 업무지침,2100000255778,예규,20250227,20250301,법무부,ADMIN_RULE
37587,비상대기숙소 관리지침,2100000232102,예규,20231127,20231201,법무부,ADMIN_RULE
32482,사망수용자 장례비 지급 지침,2100000093894,예규,20170817,20170817,법무부,ADMIN_RULE
40159,소년수형자 처우 등에 관한 지침,2100000243132,예규,20240626,20240701,법무부,ADMIN_RULE
37584,수용자 교육교화 운영지침,2100000220728,예규,20230314,20230314,법무부,ADMIN_RULE
37576,수용자 급식관리위원회 운영지침,2100000071879,훈령,20161230,20170101,법무부,ADMIN_RULE
37589,수용자 급식관리지침,2100000234496,예규,20240103,20240103,법무부,ADMIN_RULE
37586,수용자 사회복귀지원 등에 관한 지침,2100000255630,예규,20250312,20250312,법무부,ADMIN_RULE
37037,수용자 의료관리지침,2100000251988,예규,20241231,20241231,법무부,ADMIN_RULE
28644,수용자 인권업무 처리지침,2100000260276,예규,20250701,20250701,법무부,ADMIN_RULE
32495,수용자 자비구매물품의 공급에 관한 지침,2100000198614,훈령,20210226,20210302,법무부,ADMIN_RULE
28645,수용자 청원 처리지침,2100000233322,예규,20231226,20231231,법무부,ADMIN_RULE
28718,수용자 피복관리 및 제작·운용에 관한 지침,2100000252600,예규,20250102,20250102,법무부,ADMIN_RULE
37583,수형자 직업능력개발훈련 운영지침,2100000260706,예규,20250630,20250630,법무부,ADMIN_RULE
34791,수형자 취업 및 창업지원 업무 지침,2100000254464,예규,20250212,20250212,법무부,ADMIN_RULE
37580,순회점검반 운영지침,2100000180063,예규,20190701,20190701,법무부,ADMIN_RULE
56055,심리치료 업무지침,2100000276308,예규,20260401,20260401,법무부,ADMIN_RULE
32485,전문경력관 직업능력개발훈련교사 임용 규정,2100000254466,예규,20250212,20250212,법무부,ADMIN_RULE
75221,지방교정청등의 조직 및 정원관리에 관한 규정,2100000195809,훈령,20201221,20210101,법무부,ADMIN_RULE
37383,피보호감호자 분류처우 업무지침,2100000243144,훈령,20240626,20240701,법무부,ADMIN_RULE
32484,현황작성 및 보고요령 지침,2000000025796,예규,20131015,20131015,법무부,ADMIN_RULE
37579,휴가일수 계산 자체 기준 지침,2100000181661,예규,20190827,20190827,법무부,ADMIN_RULE
